,rep_mean,0,rep_mean,base_change
A,0.19390935577737137,1.0,0.2355017668631819,A>G
C,0.19616360552369738,0.0,0.2782792647642837,A>G
G,0.25555419169750837,0.0,0.26055742683582883,A>G
T,0.35437284700142285,0.0,0.2256615415367055,A>G
